Model,Train_Time,Fault_Check_Acc,Fault_Type_Acc,Fault_Size_Acc,Fault_Size_R2,Fault_Size_MSE,Fault_Size_RMSE,Fault_Size_MAE,Fault_Size_MAPE
BiLSTM1D_pt,255.3692045211792,0.9,0.9726923076923077,0.9553846153846154,0.7322197413403011,0.028563227377555282,0.16900658974594832,0.1275005839287587,26397637811814.6
