Model,Train_Time,Fault_Check_Acc,Fault_Type_Acc,Fault_Size_Acc,Fault_Size_R2,Fault_Size_MSE,Fault_Size_RMSE,Fault_Size_MAE,Fault_Size_MAPE
CNN1D_pt,74.20708394050598,0.9,0.9992307692307693,0.9957692307692307,0.9724235564615106,0.002941487288856416,0.054235479981801726,0.03524283894933223,879382697889.535
