Model,Train_Time,Fault_Check_Acc,Fault_Type_Acc,Fault_Size_Acc,Fault_Size_R2,Fault_Size_MSE,Fault_Size_RMSE,Fault_Size_MAE,Fault_Size_MAPE
DeepCNN1D_pt,82.28150916099548,0.9,0.9984615384615385,0.995,0.9800815548619953,0.002124634132224071,0.04609375372243045,0.03307266572060493,11909935626372.385
