Model,Train_Time,Fault_Check_Acc,Fault_Type_Acc,Fault_Size_Acc,Fault_Size_R2,Fault_Size_MSE,Fault_Size_RMSE,Fault_Size_MAE,Fault_Size_MAPE
DenseResNet1D_pt,120.47961783409119,0.9,1.0,0.9996153846153846,0.9584192319404877,0.00443528189330255,0.06659791207915268,0.055289483586182964,0.07989990217417145
