Model,Train_Time,Fault_Check_Acc,Fault_Type_Acc,Fault_Size_Acc,Fault_Size_R2,Fault_Size_MSE,Fault_Size_RMSE,Fault_Size_MAE,Fault_Size_MAPE
DenseNet1D_pt,139.37459349632263,0.9,0.9992307692307693,0.9992307692307693,0.9829833267685867,0.0018151117978271228,0.042604128882387945,0.03455238993351276,0.058818590433660084
