Model,Train_Time,Fault_Check_Acc,Fault_Type_Acc,Fault_Size_Acc,Fault_Size_R2,Fault_Size_MSE,Fault_Size_RMSE,Fault_Size_MAE,Fault_Size_MAPE
EfficientNet1D_pt,71.19061470031738,0.9,0.9919230769230769,0.9819230769230769,0.8994108999512777,0.01072950392525602,0.10358331875961506,0.07545875883088089,25292713062563.965
