Model,Train_Time,Fault_Check_Acc,Fault_Type_Acc,Fault_Size_Acc,Fault_Size_R2,Fault_Size_MSE,Fault_Size_RMSE,Fault_Size_MAE,Fault_Size_MAPE
GRU1D_pt,86.09338164329529,0.9,0.9911538461538462,0.9534615384615385,0.8759437639801977,0.013232665076854555,0.11503332159359111,0.06503609489506254,726709763491.1512
