Model,Train_Time,Fault_Check_Acc,Fault_Type_Acc,Fault_Size_Acc,Fault_Size_R2,Fault_Size_MSE,Fault_Size_RMSE,Fault_Size_MAE,Fault_Size_MAPE
Inception1D_pt,84.07748031616211,0.9,0.9503846153846154,0.8573076923076923,-4.089365653165317,0.5428656656263031,0.7367941813195209,0.6659138909490923,46121892997114.7
