Model,Train_Time,Fault_Check_Acc,Fault_Type_Acc,Fault_Size_Acc,Fault_Size_R2,Fault_Size_MSE,Fault_Size_RMSE,Fault_Size_MAE,Fault_Size_MAPE
LSTM1D_pt,75.55488467216492,0.9,0.5338461538461539,0.6707692307692308,0.3724897776638624,0.06693442321715441,0.25871687849298586,0.18852782158897474,7369378912716.281
