Model,Train_Time,Fault_Check_Acc,Fault_Type_Acc,Fault_Size_Acc,Fault_Size_R2,Fault_Size_MSE,Fault_Size_RMSE,Fault_Size_MAE,Fault_Size_MAPE
MEAT_pt,79.61710095405579,0.2373076923076923,0.9157692307692308,0.8057692307692308,0.38999458204612936,0.0650672440969575,0.2550828181139559,0.2177557324405867,59581159940071.17
