Model,Train_Time,Fault_Check_Acc,Fault_Type_Acc,Fault_Size_Acc,Fault_Size_R2,Fault_Size_MSE,Fault_Size_RMSE,Fault_Size_MAE,Fault_Size_MAPE
MLP_pt,70.3826036453247,0.9,0.9484615384615385,0.8757692307692307,0.7267587772876077,0.02914573020550258,0.17072120608027164,0.12474614600830067,41643392469.69709
