Model,Train_Time,Fault_Check_Acc,Fault_Type_Acc,Fault_Size_Acc,Fault_Size_R2,Fault_Size_MSE,Fault_Size_RMSE,Fault_Size_MAE,Fault_Size_MAPE
MobileNet1D_pt,72.12089276313782,0.9,0.9942307692307693,0.9911538461538462,0.964512532040177,0.003785329887511552,0.061525034640474215,0.04005914105532261,21657332879700.344
