Model,Train_Time,Fault_Check_Acc,Fault_Type_Acc,Fault_Size_Acc,Fault_Size_R2,Fault_Size_MSE,Fault_Size_RMSE,Fault_Size_MAE,Fault_Size_MAPE
ResNet1D_pt,86.1113932132721,0.9,0.9992307692307693,0.9996153846153846,0.9863570475690677,0.0014552482484570032,0.03814771616305494,0.02787929585346809,0.04294549255596117
