Model,Train_Time,Fault_Check_Acc,Fault_Type_Acc,Fault_Size_Acc,Fault_Size_R2,Fault_Size_MSE,Fault_Size_RMSE,Fault_Size_MAE,Fault_Size_MAPE
TinyVGG1D_pt,73.2381055355072,0.9,0.9980769230769231,0.9911538461538462,0.9539102161162596,0.004916243577636774,0.0701159295569614,0.045790334971870135,599225695499.8893
