Model,Train_Time,Fault_Check_Acc,Fault_Type_Acc,Fault_Size_Acc,Fault_Size_R2,Fault_Size_MSE,Fault_Size_RMSE,Fault_Size_MAE,Fault_Size_MAPE
Transformer1D_pt,365.4274904727936,0.9,0.7465384615384615,0.5876923076923077,0.36242750034334803,0.06800773279001249,0.2607829227346233,0.20399739223030897,204490232439868.12
