Model,Train_Time,Fault_Check_Acc,Fault_Type_Acc,Fault_Size_Acc,Fault_Size_R2,Fault_Size_MSE,Fault_Size_RMSE,Fault_Size_MAE,Fault_Size_MAPE
Xception1D_pt,73.28864192962646,0.9,0.9823076923076923,0.9811538461538462,0.9330635515901332,0.00713988777718949,0.08449785664257697,0.05996901804724565,15530683163455.908
